<?xml version="1.0" encoding="UTF-8"?>  
<beans xmlns="http://www.springframework.org/schema/beans"  
    xmlns:xsi="http://www.w3.org/2001/XMLSchema-instance" xmlns:tx="http://www.springframework.org/schema/tx"  
    xmlns:aop="http://www.springframework.org/schema/aop"  
    xsi:schemaLocation="  
        http://www.springframework.org/schema/beans   
        http://www.springframework.org/schema/beans/spring-beans-4.1.xsd   
        http://www.springframework.org/schema/tx   
        http://www.springframework.org/schema/tx/spring-tx-4.1.xsd  
        http://www.springframework.org/schema/aop   
        http://www.springframework.org/schema/aop/spring-aop-4.1.xsd  
        ">  
  
    <!-- <context:property-placeholder location="classpath:jdbc.properties"/> -->  
    <!-- 配置数据源 使用的是Druid数据源 -->  
    <bean name="dataSource" class="com.alibaba.druid.pool.DruidDataSource"  
        init-method="init" destroy-method="close">  
        <property name="url" value="${jdbc.url}" />  
        <property name="username" value="${jdbc.username}" />  
        <property name="password" value="${jdbc.password}" />  
  
        <!-- 初始化连接大小 -->  
        <property name="initialSize" value="0" />  
        <!-- 连接池最大使用连接数量 -->  
        <property name="maxActive" value="20" />  
  
        <!-- 连接池最小空闲 -->  
        <property name="minIdle" value="0" />  
        <!-- 获取连接最大等待时间 -->  
        <property name="maxWait" value="60000" />  
        <property name="poolPreparedStatements" value="true" />  
        <property name="maxPoolPreparedStatementPerConnectionSize"  
            value="33" />  
        <!-- 用来检测有效sql -->  
        <property name="validationQuery" value="${validationQuery}" />  
        <property name="testOnBorrow" value="false" />  
        <property name="testOnReturn" value="false" />  
        <property name="testWhileIdle" value="true" />  
        <!-- 配置间隔多久才进行一次检测，检测需要关闭的空闲连接，单位是毫秒 -->  
        <property name="timeBetweenEvictionRunsMillis" value="60000" />  
        <!-- 配置一个连接在池中最小生存的时间，单位是毫秒 -->  
        <property name="minEvictableIdleTimeMillis" value="25200000" />  
        <!-- 打开removeAbandoned功能 -->  
        <property name="removeAbandoned" value="true" />  
        <!-- 1800秒，也就是30分钟 -->  
        <property name="removeAbandonedTimeout" value="1800" />  
        <!-- 关闭abanded连接时输出错误日志 -->  
        <property name="logAbandoned" value="true" />  
        <!-- 监控数据库 -->  
        <property name="filters" value="mergeStat" />  
    </bean>  
  
    <!-- myBatis文件 -->  
    <bean id="sqlSessionFactory" class="org.mybatis.spring.SqlSessionFactoryBean">  
        <property name="dataSource" ref="dataSource" />  
        <!-- 自动扫描entity目录, 省掉Configuration.xml里的手工配置 -->  
        <property name="mapperLocations" value="classpath:com/zhaohuo_dubbox/**/mapping/*.xml" />  
    </bean>  
  
    <bean class="org.mybatis.spring.mapper.MapperScannerConfigurer">  
        <property name="basePackage" value="com.zhaohuo_dubbox.zhaohuo_server.dao" />  
        <property name="sqlSessionFactoryBeanName" value="sqlSessionFactory" />  
    </bean>  
  
    <!-- 配置事务管理器 -->  
    <bean id="transactionManager"  
        class="org.springframework.jdbc.datasource.DataSourceTransactionManager">  
        <property name="dataSource" ref="dataSource" />  
    </bean>  
  
    <!-- 注解方式配置事物 -->  
    <!-- <tx:annotation-driven transaction-manager="transactionManager" /> -->  
  
    <!-- 拦截器方式配置事物 -->  
    <tx:advice id="transactionAdvice" transaction-manager="transactionManager">  
        <tx:attributes>  
            <tx:method name="insert*" propagation="REQUIRED" />  
            <tx:method name="update*" propagation="REQUIRED" />  
            <tx:method name="delete*" propagation="REQUIRED" />  
  
            <tx:method name="get*" propagation="SUPPORTS" read-only="true" />  
            <tx:method name="find*" propagation="SUPPORTS" read-only="true" />  
            <tx:method name="select*" propagation="SUPPORTS" read-only="true" />  
  
        </tx:attributes>  
    </tx:advice>  
    <!--   
<span style="font-family:FangSong_GB2312;">             </span>Spring aop事务管理  
<span style="font-family:FangSong_GB2312;">             此处配置正确无法发布提供者服务，目前没找到解决方案</span>  
  
         -->  
    <!-- <aop:config>  
        <aop:pointcut id="transactionPointcut"  expression="execution(* com.ivan..service.impl.*Impl.*(..))" />  
        <aop:advisor advice-ref="transactionAdvice" pointcut-ref="transactionPointcut"/>  
    </aop:config> -->  
  
</beans>  